{
  "metadata": {
    "name": "Serramadre Immersive - Speakers",
    "created": "2026-01-05T12:00:00.000Z",
    "version": "2.0"
  },
  "speakers": {
    "Altoparlante_1": {
      "position": {
        "x": 9.25,
        "y": 2.548,
        "z": 1.2
      },
      "rotation": {
        "x": 0,
        "y": 0,
        "z": -1.5707963267948966
      },
      "scale": {
        "x": 0.045,
        "y": 0.045,
        "z": 0.045
      },
      "tags": [0],
      "menuState": {}
    },
    "Altoparlante_2": {
      "position": {
        "x": 6.814,
        "y": 5.54,
        "z": 1.2
      },
      "rotation": {
        "x": 3.141592653589793,
        "y": 3.141592653589793,
        "z": -1.2246467991473532e-16
      },
      "scale": {
        "x": 0.045,
        "y": 0.045,
        "z": 0.045
      },
      "tags": [0],
      "menuState": {}
    },
    "Altoparlante_3": {
      "position": {
        "x": 4.875,
        "y": 5.54,
        "z": 1.2
      },
      "rotation": {
        "x": 3.141592653589793,
        "y": 3.141592653589793,
        "z": -1.2246467991473532e-16
      },
      "scale": {
        "x": 0.045,
        "y": 0.045,
        "z": 0.045
      },
      "tags": [0],
      "menuState": {}
    },
    "Altoparlante_4": {
      "position": {
        "x": 2.936,
        "y": 5.54,
        "z": 1.2
      },
      "rotation": {
        "x": 3.141592653589793,
        "y": 3.141592653589793,
        "z": -1.2246467991473532e-16
      },
      "scale": {
        "x": 0.045,
        "y": 0.045,
        "z": 0.045
      },
      "tags": [0],
      "menuState": {}
    },
    "Altoparlante_5": {
      "position": {
        "x": 0.997,
        "y": 5.54,
        "z": 1.2
      },
      "rotation": {
        "x": 3.141592653589793,
        "y": 3.141592653589793,
        "z": -3.885780586188048e-16
      },
      "scale": {
        "x": 0.045,
        "y": 0.045,
        "z": 0.045
      },
      "tags": [0],
      "menuState": {}
    },
    "Altoparlante_6": {
      "position": {
        "x": -0.997,
        "y": 5.54,
        "z": 1.2
      },
      "rotation": {
        "x": 3.141592653589793,
        "y": 3.141592653589793,
        "z": -1.2246467991473532e-16
      },
      "scale": {
        "x": 0.045,
        "y": 0.045,
        "z": 0.045
      },
      "tags": [0],
      "menuState": {}
    },
    "Altoparlante_7": {
      "position": {
        "x": -2.936,
        "y": 5.54,
        "z": 1.2
      },
      "rotation": {
        "x": 3.141592653589793,
        "y": 3.141592653589793,
        "z": -1.2246467991473532e-16
      },
      "scale": {
        "x": 0.045,
        "y": 0.045,
        "z": 0.045
      },
      "tags": [0],
      "menuState": {}
    },
    "Altoparlante_8": {
      "position": {
        "x": -4.875,
        "y": 5.54,
        "z": 1.2
      },
      "rotation": {
        "x": 3.141592653589793,
        "y": 3.141592653589793,
        "z": -1.2246467991473532e-16
      },
      "scale": {
        "x": 0.045,
        "y": 0.045,
        "z": 0.045
      },
      "tags": [0],
      "menuState": {}
    },
    "Altoparlante_9": {
      "position": {
        "x": -6.814,
        "y": 5.54,
        "z": 1.2
      },
      "rotation": {
        "x": 3.141592653589793,
        "y": 3.141592653589793,
        "z": -1.2246467991473532e-16
      },
      "scale": {
        "x": 0.045,
        "y": 0.045,
        "z": 0.045
      },
      "tags": [0],
      "menuState": {}
    },
    "Altoparlante_10": {
      "position": {
        "x": -9.25,
        "y": 2.548,
        "z": 1.2
      },
      "rotation": {
        "x": 0,
        "y": 0,
        "z": 1.5707963267948966
      },
      "scale": {
        "x": 0.045,
        "y": 0.045,
        "z": 0.045
      },
      "tags": [0],
      "menuState": {}
    },
    "Altoparlante_11": {
      "position": {
        "x": -9.25,
        "y": -0.499,
        "z": 1.2
      },
      "rotation": {
        "x": 0,
        "y": 0,
        "z": 1.5707963267948966
      },
      "scale": {
        "x": 0.045,
        "y": 0.045,
        "z": 0.045
      },
      "tags": [0],
      "menuState": {}
    },
    "Altoparlante_12": {
      "position": {
        "x": -6.814,
        "y": -2.659,
        "z": 1.2
      },
      "rotation": {
        "x": 0,
        "y": 0,
        "z": 0
      },
      "scale": {
        "x": 0.045,
        "y": 0.045,
        "z": 0.045
      },
      "tags": [0],
      "menuState": {}
    },
    "Altoparlante_13": {
      "position": {
        "x": -4.875,
        "y": -5.54,
        "z": 1.2
      },
      "rotation": {
        "x": 0,
        "y": 0,
        "z": 0
      },
      "scale": {
        "x": 0.045,
        "y": 0.045,
        "z": 0.045
      },
      "tags": [0],
      "menuState": {}
    },
    "Altoparlante_14": {
      "position": {
        "x": -2.936,
        "y": -5.54,
        "z": 1.2
      },
      "rotation": {
        "x": 0,
        "y": 0,
        "z": 0
      },
      "scale": {
        "x": 0.045,
        "y": 0.045,
        "z": 0.045
      },
      "tags": [0],
      "menuState": {}
    },
    "Altoparlante_15": {
      "position": {
        "x": -0.997,
        "y": -5.54,
        "z": 1.2
      },
      "rotation": {
        "x": 0,
        "y": 0,
        "z": 0
      },
      "scale": {
        "x": 0.045,
        "y": 0.045,
        "z": 0.045
      },
      "tags": [0],
      "menuState": {}
    },
    "Altoparlante_16": {
      "position": {
        "x": 2.936,
        "y": -5.54,
        "z": 1.2
      },
      "rotation": {
        "x": 0,
        "y": 0,
        "z": 0
      },
      "scale": {
        "x": 0.045,
        "y": 0.045,
        "z": 0.045
      },
      "tags": [0],
      "menuState": {}
    },
    "Altoparlante_17": {
      "position": {
        "x": 9.25,
        "y": -0.499,
        "z": 1.2
      },
      "rotation": {
        "x": 0,
        "y": 0,
        "z": -1.5707963267948966
      },
      "scale": {
        "x": 0.045,
        "y": 0.045,
        "z": 0.045
      },
      "tags": [0],
      "menuState": {}
    },
    "Altoparlante_18": {
      "position": {
        "x": 3.878,
        "y": 1.496,
        "z": 3.97
      },
      "rotation": {
        "x": 1.5707963267948963,
        "y": 0,
        "z": 0
      },
      "scale": {
        "x": 0.045,
        "y": 0.045,
        "z": 0.045
      },
      "tags": [0],
      "menuState": {}
    },
    "Altoparlante_19": {
      "position": {
        "x": 3.878,
        "y": -1.496,
        "z": 3.97
      },
      "rotation": {
        "x": 1.5707963267948963,
        "y": 0,
        "z": 0
      },
      "scale": {
        "x": 0.045,
        "y": 0.045,
        "z": 0.045
      },
      "tags": [0],
      "menuState": {}
    },
    "Altoparlante_20": {
      "position": {
        "x": 0,
        "y": 1.496,
        "z": 3.97
      },
      "rotation": {
        "x": 1.5707963267948963,
        "y": 0,
        "z": 0
      },
      "scale": {
        "x": 0.045,
        "y": 0.045,
        "z": 0.045
      },
      "tags": [0],
      "menuState": {}
    },
    "Altoparlante_21": {
      "position": {
        "x": 0,
        "y": -1.496,
        "z": 3.97
      },
      "rotation": {
        "x": 1.5707963267948963,
        "y": 0,
        "z": 0
      },
      "scale": {
        "x": 0.045,
        "y": 0.045,
        "z": 0.045
      },
      "tags": [0],
      "menuState": {}
    },
    "Altoparlante_22": {
      "position": {
        "x": -3.878,
        "y": 1.496,
        "z": 3.97
      },
      "rotation": {
        "x": 1.5707963267948963,
        "y": 0,
        "z": 0
      },
      "scale": {
        "x": 0.045,
        "y": 0.045,
        "z": 0.045
      },
      "tags": [0],
      "menuState": {}
    },
    "Altoparlante_23": {
      "position": {
        "x": -3.878,
        "y": -1.496,
        "z": 3.97
      },
      "rotation": {
        "x": 1.5707963267948963,
        "y": 0,
        "z": 0
      },