{
	"Altoparlante_1" : 	{
		"position" : 		{
			"x" : -1.05,
			"y" : -1.26,
			"z" : 1.2
		}
,
		"rotation" : 		{
			"x" : -0.0,
			"y" : -0.0,
			"z" : 0.261799387799149
		}
,
		"scale" : 		{
			"x" : 0.045,
			"y" : 0.045,
			"z" : 0.045
		}

	}
,
	"Altoparlante_10" : 	{
		"position" : 		{
			"x" : -1.05,
			"y" : 1.7,
			"z" : 2.3
		}
,
		"rotation" : 		{
			"x" : 2.356194490192345,
			"y" : -0.0,
			"z" : 0
		}
,
		"scale" : 		{
			"x" : 0.045,
			"y" : 0.045,
			"z" : 0.045
		}

	}
,
	"Altoparlante_11" : 	{
		"position" : 		{
			"x" : 1.05,
			"y" : 1.7,
			"z" : 2.3
		}
,
		"rotation" : 		{
			"x" : 2.356194490192345,
			"y" : -0.0,
			"z" : 0
		}
,
		"scale" : 		{
			"x" : 0.045,
			"y" : 0.045,
			"z" : 0.045
		}

	}
,
	"Altoparlante_2" : 	{
		"position" : 		{
			"x" : 0,
			"y" : -1.87,
			"z" : 1
		}
,
		"rotation" : 		{
			"x" : -0.0,
			"y" : -0.0,
			"z" : 0
		}
,
		"scale" : 		{
			"x" : 0.045,
			"y" : 0.045,
			"z" : 0.045
		}

	}
,
	"Altoparlante_3" : 	{
		"position" : 		{
			"x" : 1.05,
			"y" : -1.26,
			"z" : 1.2
		}
,
		"rotation" : 		{
			"x" : 0,
			"y" : 0,
			"z" : -0.261799387799149
		}
,
		"scale" : 		{
			"x" : 0.045,
			"y" : 0.045,
			"z" : 0.045
		}

	}
,
	"Altoparlante_4" : 	{
		"position" : 		{
			"x" : 1.87,
			"y" : 0,
			"z" : 1.2
		}
,
		"rotation" : 		{
			"x" : 0,
			"y" : 0,
			"z" : -1.570796305721472
		}
,
		"scale" : 		{
			"x" : 0.045,
			"y" : 0.045,
			"z" : 0.045
		}

	}
,
	"Altoparlante_5" : 	{
		"position" : 		{
			"x" : 1.3,
			"y" : 1.35,
			"z" : 1.2
		}
,
		"rotation" : 		{
			"x" : 3.141592653589793,
			"y" : 3.141592653589793,
			"z" : -0.785398163397449
		}
,
		"scale" : 		{
			"x" : 0.045,
			"y" : 0.045,
			"z" : 0.045
		}

	}
,
	"Altoparlante_6" : 	{
		"position" : 		{
			"x" : -1.3,
			"y" : 1.35,
			"z" : 1.2
		}
,
		"rotation" : 		{
			"x" : -3.141592653589793,
			"y" : -3.141592653589793,
			"z" : 0.785398163397449
		}
,
		"scale" : 		{
			"x" : 0.045,
			"y" : 0.045,
			"z" : 0.045
		}

	}
,
	"Altoparlante_7" : 	{
		"position" : 		{
			"x" : -1.87,
			"y" : 0,
			"z" : 1.2
		}
,
		"rotation" : 		{
			"x" : 0,
			"y" : 0,
			"z" : 1.570796305721472
		}
,
		"scale" : 		{
			"x" : 0.045,
			"y" : 0.045,
			"z" : 0.045
		}

	}
,
	"Altoparlante_8" : 	{
		"position" : 		{
			"x" : -1.05,
			"y" : -1.16,
			"z" : 2.3
		}
,
		"rotation" : 		{
			"x" : 0.785398163397448,
			"y" : -0.0,
			"z" : 0
		}
,
		"scale" : 		{
			"x" : 0.045,
			"y" : 0.045,
			"z" : 0.045
		}

	}
,
	"Altoparlante_9" : 	{
		"position" : 		{
			"x" : 1.05,
			"y" : -1.16,
			"z" : 2.3
		}
,
		"rotation" : 		{
			"x" : 0.785398163397448,
			"y" : -0.0,
			"z" : 0
		}
,
		"scale" : 		{
			"x" : 0.045,
			"y" : 0.045,
			"z" : 0.045
		}

	}

}
