{
  "Altoparlante_1": {
    "position": {
      "x": -1.6,
      "y": -2.5,
      "z": 0.73
    },
    "rotation": {
      "x": 0,
      "y": 0,
      "z": 0.2617993877991494
    },
    "scale": {
      "x": 0.045,
      "y": 0.045,
      "z": 0.045
    }
  },
  "Altoparlante_2": {
    "position": {
      "x": 0,
      "y": -2.7,
      "z": 0.73
    },
    "rotation": {
      "x": 0,
      "y": 0,
      "z": 0
    },
    "scale": {
      "x": 0.045,
      "y": 0.045,
      "z": 0.045
    }
  },
  "Altoparlante_3": {
    "position": {
      "x": 1.6,
      "y": -2.5,
      "z": 0.73
    },
    "rotation": {
      "x": 0,
      "y": 0,
      "z": -0.2617993877991494
    },
    "scale": {
      "x": 0.045,
      "y": 0.045,
      "z": 0.045
    }
  },
  "Altoparlante_4": {
    "position": {
      "x": 2.3000000000000003,
      "y": 0,
      "z": 1.03
    },
    "rotation": {
      "x": 0,
      "y": 0,
      "z": -1.5707963267948966
    },
    "scale": {
      "x": 0.045,
      "y": 0.045,
      "z": 0.045
    }
  },
  "Altoparlante_5": {
    "position": {
      "x": 1.4000000000000001,
      "y": 1.9000000000000001,
      "z": 1.03
    },
    "rotation": {
      "x": 3.141592653589793,
      "y": 3.141592653589793,
      "z": -0.5235987755982993
    },
    "scale": {
      "x": 0.045,
      "y": 0.045,
      "z": 0.045
    }
  },
  "Altoparlante_6": {
    "position": {
      "x": -1.4500000000000002,
      "y": 1.9000000000000001,
      "z": 1.03
    },
    "rotation": {
      "x": -3.141592653589793,
      "y": -3.141592653589793,
      "z": 0.5235987755982993
    },
    "scale": {
      "x": 0.045,
      "y": 0.045,
      "z": 0.045
    }
  },
  "Altoparlante_7": {
    "position": {
      "x": -2.35,
      "y": 0,
      "z": 1.03
    },
    "rotation": {
      "x": 0,
      "y": 0,
      "z": 1.5707963267948966
    },
    "scale": {
      "x": 0.045,
      "y": 0.045,
      "z": 0.045
    }
  },
  "Altoparlante_8": {
    "position": {
      "x": -0.9,
      "y": -1.9500000000000002,
      "z": 2.35
    },
    "rotation": {
      "x": 1.1071487177940906,
      "y": -0.4636476090008061,
      "z": 0.2526802551420787
    },
    "scale": {
      "x": 0.045,
      "y": 0.045,
      "z": 0.045
    }
  },
  "Altoparlante_9": {
    "position": {
      "x": 0.9,
      "y": -1.9500000000000002,
      "z": 2.35
    },
    "rotation": {
      "x": 1.1071487177940906,
      "y": 0.4636476090008061,
      "z": -0.2526802551420787
    },
    "scale": {
      "x": 0.045,
      "y": 0.045,
      "z": 0.045
    }
  },
  "Altoparlante_10": {
    "position": {
      "x": -0.9,
      "y": 0.7000000000000001,
      "z": 2.35
    },
    "rotation": {
      "x": 2.0344439357957027,
      "y": 0.4636476090008062,
      "z": 0.25268025514207854
    },
    "scale": {
      "x": 0.045,
      "y": 0.045,
      "z": 0.045
    }
  },
  "Altoparlante_11": {
    "position": {
      "x": 0.9,
      "y": 0.7000000000000001,
      "z": 2.35
    },
    "rotation": {
      "x": 2.0344439357957027,
      "y": -0.4636476090008062,
      "z": -0.25268025514207854
    },
    "scale": {
      "x": 0.045,
      "y": 0.045,
      "z": 0.045
    }
  }
}