{
	"Omnifonte_1" : 	{
		"angle" : -90,
		"distance" : 2.205107707119995,
		"position" : 		{
			"x" : 0,
			"y" : -1.85,
			"z" : 1.2
		}
,
		"rotation" : 		{
			"x" : -0.0,
			"y" : -0.0,
			"z" : 0
		}
,
		"scale" : 		{
			"x" : 0.25,
			"y" : 0.25,
			"z" : 0.24
		}

	}
,
	"Omnifonte_10" : 	{
		"angle" : -104.381394591090611,
		"distance" : 2.343608329051593,
		"position" : 		{
			"x" : -0.5,
			"y" : -1.95,
			"z" : 1.2
		}
,
		"rotation" : 		{
			"x" : -0.0,
			"y" : -0.0,
			"z" : 0
		}
,
		"scale" : 		{
			"x" : 0.25,
			"y" : 0.25,
			"z" : 0.24
		}

	}
,
	"Omnifonte_11" : 	{
		"angle" : -120.963756532073518,
		"distance" : 2.885307609250702,
		"position" : 		{
			"x" : -1.35,
			"y" : -2.25,
			"z" : 1.2
		}
,
		"rotation" : 		{
			"x" : -0.0,
			"y" : -0.0,
			"z" : 0
		}
,
		"scale" : 		{
			"x" : 0.25,
			"y" : 0.25,
			"z" : 0.24
		}

	}
,
	"Omnifonte_12" : 	{
		"angle" : -90,
		"distance" : 2.59422435421457,
		"position" : 		{
			"x" : 0,
			"y" : -2.3,
			"z" : 1.2
		}
,
		"rotation" : 		{
			"x" : -0.0,
			"y" : -0.0,
			"z" : 0
		}
,
		"scale" : 		{
			"x" : 0.25,
			"y" : 0.25,
			"z" : 0.24
		}

	}
,
	"Omnifonte_13" : 	{
		"angle" : -141.842773412630947,
		"distance" : 2.92788319439147,
		"position" : 		{
			"x" : -2.1,
			"y" : -1.65,
			"z" : 1.2
		}
,
		"rotation" : 		{
			"x" : -0.0,
			"y" : -0.0,
			"z" : 0
		}
,
		"scale" : 		{
			"x" : 0.25,
			"y" : 0.25,
			"z" : 0.24
		}

	}
,
	"Omnifonte_14" : 	{
		"angle" : -76.607502246248899,
		"distance" : 2.469817807045694,
		"position" : 		{
			"x" : 0.5,
			"y" : -2.1,
			"z" : 1.2
		}
,
		"rotation" : 		{
			"x" : -0.0,
			"y" : -0.0,
			"z" : 0
		}
,
		"scale" : 		{
			"x" : 0.25,
			"y" : 0.25,
			"z" : 0.24
		}

	}
,
	"Omnifonte_15" : 	{
		"angle" : -122.275644314577647,
		"distance" : 2.547547840571399,
		"position" : 		{
			"x" : -1.2,
			"y" : -1.9,
			"z" : 1.2
		}
,
		"rotation" : 		{
			"x" : -0.0,
			"y" : -0.0,
			"z" : 0
		}
,
		"scale" : 		{
			"x" : 0.25,
			"y" : 0.25,
			"z" : 0.24
		}

	}
,
	"Omnifonte_16" : 	{
		"angle" : -55.619655276155143,
		"distance" : 2.596150997149434,
		"position" : 		{
			"x" : 1.3,
			"y" : -1.9,
			"z" : 1.2
		}
,
		"rotation" : 		{
			"x" : -0.0,
			"y" : -0.0,
			"z" : 0
		}
,
		"scale" : 		{
			"x" : 0.25,
			"y" : 0.25,
			"z" : 0.24
		}

	}
,
	"Omnifonte_17" : 	{
		"angle" : -90,
		"distance" : 2.909037641557771,
		"position" : 		{
			"x" : 0,
			"y" : -2.65,
			"z" : 1.2
		}
,
		"rotation" : 		{
			"x" : -0.0,
			"y" : -0.0,
			"z" : 0
		}
,
		"scale" : 		{
			"x" : 0.25,
			"y" : 0.25,
			"z" : 0.24
		}

	}
,
	"Omnifonte_18" : 	{
		"angle" : 73.610459665965223,
		"distance" : 2.14009345590327,
		"position" : 		{
			"x" : 0.5,
			"y" : 1.7,
			"z" : 1.2
		}
,
		"rotation" : 		{
			"x" : -0.0,
			"y" : -0.0,
			"z" : 0
		}
,
		"scale" : 		{
			"x" : 0.25,
			"y" : 0.25,
			"z" : 0.24
		}

	}
,
	"Omnifonte_19" : 	{
		"angle" : -25.201123645475075,
		"distance" : 3.087474696252587,
		"position" : 		{
			"x" : 1.7,
			"y" : -0.8,
			"z" : 2.45
		}
,
		"rotation" : 		{
			"x" : -0.0,
			"y" : -0.0,
			"z" : 0
		}
,
		"scale" : 		{
			"x" : 0.25,
			"y" : 0.25,
			"z" : 0.24
		}

	}
,
	"Omnifonte_2" : 	{
		"angle" : -101.070202577939369,
		"distance" : 2.632964109136317,
		"position" : 		{
			"x" : -0.45,
			"y" : -2.3,
			"z" : 1.2
		}
,
		"rotation" : 		{
			"x" : -0.0,
			"y" : -0.0,
			"z" : 0
		}
,
		"scale" : 		{
			"x" : 0.25,
			"y" : 0.25,
			"z" : 0.24
		}

	}
,
	"Omnifonte_20" : 	{
		"angle" : -90,
		"distance" : 2.728094573140748,
		"position" : 		{
			"x" : 0,
			"y" : -2.45,
			"z" : 1.2
		}
,
		"rotation" : 		{
			"x" : -0.0,
			"y" : -0.0,
			"z" : 0
		}
,
		"scale" : 		{
			"x" : 0.25,
			"y" : 0.25,
			"z" : 0.24
		}

	}
,
	"Omnifonte_21" : 	{
		"angle" : -90,
		"distance" : 3.324154027718933,
		"position" : 		{
			"x" : 0,
			"y" : -3.1,
			"z" : 1.2
		}
,
		"rotation" : 		{
			"x" : -0.0,
			"y" : -0.0,
			"z" : 0
		}
,
		"scale" : 		{
			"x" : 0.25,
			"y" : 0.25,
			"z" : 0.24
		}

	}
,
	"Omnifonte_22" : 	{
		"angle" : -90,
		"distance" : 1.920937271229855,
		"position" : 		{
			"x" : 0,
			"y" : -1.5,
			"z" : 1.2
		}
,
		"rotation" : 		{
			"x" : -0.0,
			"y" : -0.0,
			"z" : 0
		}
,
		"scale" : 		{
			"x" : 0.25,
			"y" : 0.25,
			"z" : 0.24
		}

	}
,
	"Omnifonte_23" : 	{
		"angle" : -130.030259271889719,
		"distance" : 2.026079958935481,
		"position" : 		{
			"x" : -1.05,
			"y" : -1.25,
			"z" : 1.2
		}
,
		"rotation" : 		{
			"x" : -0.0,
			"y" : -0.0,
			"z" : 0
		}
,
		"scale" : 		{
			"x" : 0.25,
			"y" : 0.25,
			"z" : 0.24
		}

	}
,
	"Omnifonte_24" : 	{
		"angle" : -49.96974072811031,
		"distance" : 2.026079958935481,
		"position" : 		{
			"x" : 1.05,
			"y" : -1.25,
			"z" : 1.2
		}
,
		"rotation" : 		{
			"x" : -0.0,
			"y" : -0.0,
			"z" : 0
		}
,
		"scale" : 		{
			"x" : 0.25,
			"y" : 0.25,
			"z" : 0.24
		}

	}
,
	"Omnifonte_3" : 	{
		"angle" : -116.56505117707799,
		"distance" : 2.343074902771996,
		"position" : 		{
			"x" : -0.9,
			"y" : -1.8,
			"z" : 1.2
		}
,
		"rotation" : 		{
			"x" : -0.0,
			"y" : -0.0,
			"z" : 0
		}
,
		"scale" : 		{
			"x" : 0.25,
			"y" : 0.25,
			"z" : 0.24
		}

	}
,
	"Omnifonte_4" : 	{
		"angle" : -90,
		"distance" : 2.178117535855217,
		"position" : 		{
			"x" : 0,
			"y" : -2.05,
			"z" : 0.736
		}
,
		"rotation" : 		{
			"x" : -0.0,
			"y" : -0.0,
			"z" : 0
		}
,
		"scale" : 		{
			"x" : 0.25,
			"y" : 0.25,
			"z" : 0.24
		}

	}
,
	"Omnifonte_5" : 	{
		"angle" : 140.063616853030084,
		"distance" : 3.05,
		"position" : 		{
			"x" : -2.15,
			"y" : 1.8,
			"z" : 1.2
		}
,
		"rotation" : 		{
			"x" : -0.0,
			"y" : -0.0,
			"z" : 0
		}
,
		"scale" : 		{
			"x" : 0.25,
			"y" : 0.25,
			"z" : 0.24
		}

	}
,
	"Omnifonte_6" : 	{
		"angle" : -65.224859431168085,
		"distance" : 2.460182920028509,
		"position" : 		{
			"x" : 0.9,
			"y" : -1.95,
			"z" : 1.2
		}
,
		"rotation" : 		{
			"x" : -0.0,
			"y" : -0.0,
			"z" : 0
		}
,
		"scale" : 		{
			"x" : 0.25,
			"y" : 0.25,
			"z" : 0.24
		}

	}
,
	"Omnifonte_7" : 	{
		"angle" : -114.943905263424597,
		"distance" : 2.657536453183662,
		"position" : 		{
			"x" : -1,
			"y" : -2.15,
			"z" : 1.2
		}
,
		"rotation" : 		{
			"x" : -0.0,
			"y" : -0.0,
			"z" : 0
		}
,
		"scale" : 		{
			"x" : 0.25,
			"y" : 0.25,
			"z" : 0.24
		}

	}
,
	"Omnifonte_8" : 	{
		"angle" : -63.970407808486534,
		"distance" : 2.676751762864834,
		"position" : 		{
			"x" : 1.05,
			"y" : -2.15,
			"z" : 1.2
		}
,
		"rotation" : 		{
			"x" : -0.0,
			"y" : -0.0,
			"z" : 0
		}
,
		"scale" : 		{
			"x" : 0.25,
			"y" : 0.25,
			"z" : 0.24
		}

	}
,
	"Omnifonte_9" : 	{
		"angle" : -167.905242922987924,
		"distance" : 3.104834939252005,
		"position" : 		{
			"x" : -2.8,
			"y" : -0.6,
			"z" : 1.2
		}
,
		"rotation" : 		{
			"x" : -0.0,
			"y" : -0.0,
			"z" : 0
		}
,
		"scale" : 		{
			"x" : 0.25,
			"y" : 0.25,
			"z" : 0.24
		}

	}

}
